{"cameraMode":{"drawMode":0,"name":"Shaded","section":"Shading Mode"},"sceneLighting":true,"audioPlay":false,"sceneViewState":{"m_AlwaysRefresh":false,"showFog":true,"showSkybox":true,"showFlares":true,"showImageEffects":true,"showParticleSystems":true,"showVisualEffectGraphs":true,"m_FxEnabled":true},"in2DMode":false,"pivot":{"x":1.1360212564468384,"y":1.3522891998291016,"z":-3.8186604976654054},"rotation":{"x":-0.22756509482860566,"y":0.1075427457690239,"z":-0.025284623727202417,"w":-0.9674985408782959},"size":4.249765396118164,"orthographic":false}